{"epoch":10,"val_loss":0.03979442946148877,"train_accuracy":0.9918541666666667,"val_accuracy":0.9900833333333333,"train_loss":0.02323348189700179,"_timestamp":1.749821886104717e+09,"_wandb":{"runtime":1612},"_step":10,"_runtime":1612.059107}